x,y,cluster
94.94520987759688,-9.288401023376151,1
96.38916839089276,9.417863937000217,1
87.4611390955938,-6.062317616560469,1
105.44141408002434,6.042131624760636,1
84.75744567747782,5.878446762624993,1
84.57729320332317,-2.123974179272146,1
91.34685601195918,-14.52449959033682,1
71.35042538192018,1.0539993792004978,1
78.10041386952463,11.8806047845252,1
78.73451931816845,-3.331867931576987,1
102.01437797653156,10.577324006200215,1
87.53359815974235,0.6215068543509084,1
80.87242943451399,18.00120795862523,1
74.2220139789837,22.660159877903876,1
79.09926473032729,17.98476193956197,1
78.42057090145414,41.409446518947696,1
83.59322670180983,14.280095442622518,1
91.20309770985703,14.60401876875757,1
84.27495110889761,9.154857406412539,1
68.07268527527577,32.64227666627124,1
87.86737104655606,34.29161196840697,1
78.41469320005889,31.45248096259986,1
63.8351380194472,29.13116142803908,1
73.0242802947885,48.74658967236068,1
80.03872327412849,22.369598446372652,1
78.77726570999862,37.951878133149854,1
67.66357254714192,49.699442386308334,1
83.60211929596946,54.65195611549639,1
63.72274568114401,43.979233009931015,1
74.21433375153038,58.53397650047091,1
64.86124942396674,48.60332171959931,1
57.3059959925237,40.15271178702432,1
75.17658250152091,67.3047992605772,1
64.97940434937232,65.37738937793078,1
67.93084279821578,50.461863089834566,1
66.5108187972253,73.83507625752856,1
61.089007572180826,75.6127706094766,1
33.76888301043912,69.66629300703256,1
59.32518127525059,59.90678923748246,1
57.83066840124085,44.43879340173051,1
53.14534152063544,69.27063128029309,1
68.52133942228414,61.868622094842436,1
44.02984199889917,63.3517752967386,1
59.61393266325824,72.94050289901647,1
43.480923191576935,76.03437376862829,1
48.042132261923584,81.80137081869928,1
38.31862398556088,70.01550260503225,1
39.6615979665781,59.79764306888031,1
44.76390370795879,78.14697873784955,1
40.05113456642462,74.25666904469239,1
24.02165998966739,73.42421477673278,1
32.90245834671848,70.59758523090527,1
32.85066080183266,83.61168459208666,1
51.43978816861258,82.22848337492034,1
33.24916821480768,80.61008660659841,1
9.563846492219895,81.92117640435788,1
27.414757367878074,107.610069713678,1
22.933595084370303,86.74367237252527,1
22.539546976805894,72.75085664755278,1
32.32992758264495,92.6249819563831,1
26.813499164877655,76.63807520525933,1
30.919925170887588,72.297746051843,1
20.7375596544882,108.7628723709629,1
2.929723759758705,81.6949129912883,1
11.787682732652357,82.78000353221856,1
-6.768502852088851,88.91435482092913,1
-3.946162465650815,93.33552801340231,1
-4.585939486096846,104.42657734647423,1
-5.299209566931925,85.99085496939102,1
8.588018500462065,77.14354637248778,1
0.6423836792728617,102.72071346777471,1
-19.795780392680925,91.64901142815019,1
-3.2136066845957902,97.73051172765894,1
-20.275265120445113,76.77350221664179,1
-4.780584343830995,92.96984673233186,1
-9.589313484876904,93.4425504424543,1
-20.98781258870485,92.23481998149587,1
-13.348327219944505,82.65915866256347,1
0.2899607782160327,94.38761513406831,1
-32.36588129879182,96.01772562316563,1
-32.28014005870363,97.0823161688723,1
-13.022347066167091,80.72041011278174,1
-17.043113379166982,92.7274129764155,1
-20.51752985862754,107.19665489940834,1
-33.24505024180462,80.27739842980567,1
-41.730231307320786,79.19978743766164,1
-35.640005810626505,90.26983586102956,1
-34.12507406822637,94.58808917012605,1
-38.77316077566806,100.26729052477991,1
-43.54826776987427,112.30734329541156,1
-36.62999119620824,75.86606145958528,1
-55.56612971279262,88.55292310162102,1
-49.04708312172628,90.11765352974606,1
-44.01918239947483,81.45802603228134,1
-59.14160148826406,66.20607351740145,1
-57.04307867717744,89.04669318983669,1
-52.322580477190684,67.11378823682142,1
-54.59779425347433,82.47353172040985,1
-67.01394177218283,79.16791906384165,1
-59.417912815539985,65.17283740013764,1
-58.22482733383017,81.14427127973302,1
-52.75216706614687,84.97081307055055,1
-79.1158486039053,63.913873671858724,1
-61.92100409635656,77.2527804224925,1
-63.628048366186825,109.42901434404195,1
-64.7510063793058,81.00864820422561,1
-62.57476039289897,74.88325824564198,1
-76.8950914212724,74.64101648251162,1
-83.07031254438624,63.33131949777558,1
-81.76669611417682,65.13322394160267,1
-55.30812492613375,44.2242108162237,1
-73.10373214759139,45.32010925138383,1
-86.16658662117464,70.85584002101022,1
-82.25406255118651,47.677262813575815,1
-91.46751964033908,63.7090381252326,1
-93.00317188234699,57.50664629483031,1
-86.59560587854078,47.22639549881082,1
-66.9299048393307,58.45396825101116,1
-109.90441766899569,52.32445463393177,1
-97.51956408517862,57.30285857720956,1
-100.04012829769738,45.923992353774224,1
-88.24225128120536,53.99670686603566,1
-106.43575662075925,40.23766713949021,1
-100.2858791276602,35.26940861157594,1
-78.94799797563287,44.04981710960959,1
-110.23950754773679,47.35398688071932,1
-77.39879595299512,46.654256117497674,1
-114.76487568348139,29.621177189830263,1
-87.8135937547357,25.50123450031948,1
-96.9163514827978,38.42000484187341,1
-111.45561987463087,28.156305084592315,1
-135.39032198951585,16.568578855124915,1
-106.25388046312075,12.379372912533043,1
-88.11352398443174,8.585250894252013,1
-109.50609649648518,22.209105210355666,1
-91.31921686254556,4.544558182652818,1
-94.68461915821621,16.99431267172249,1
-116.67340262334261,19.490023459118234,1
-105.36729333158132,6.832918239477671,1
-107.11673922348037,6.938033113158374,1
-107.09355162035638,15.359438203782965,1
-92.73943554559698,-5.701280316658231,1
-87.59689954973615,-14.912575138983826,1
-110.72932108180362,8.416495421276217,1
-106.64227085947701,-5.774148871440564,1
-111.7305084285232,-6.562225013356759,1
-115.69632041226927,4.775072923141607,1
-106.34212815023537,-12.741530579686561,1
-100.98206959315205,-4.832762802898197,1
-101.8713788116104,-3.703711580763821,1
-118.26801845670528,-17.69605239030534,1
-102.43934695865322,-8.083862718585264,1
-110.01168878246864,-15.105778119843471,1
-96.87263696706619,-24.283498221589802,1
-103.98121572512696,-22.474772851104245,1
-111.38828216371999,-11.545554836558482,1
-100.67306980641854,-16.47320649623474,1
-95.54481563550722,-26.466836255282608,1
-101.40919535991922,-31.840799024506993,1
-104.57309654849615,-32.09259962545275,1
-106.38793063738885,-26.883516756696416,1
-115.04052294519785,-13.945115959630854,1
-116.37643049476284,-49.033868189403876,1
-94.15084101820607,-30.98655275481774,1
-98.86445345899382,-34.61824434485189,1
-104.56010475221727,-51.85920838871658,1
-102.9701533672519,-51.62882184730259,1
-93.22645125464766,-48.28302908348913,1
-110.4412871267752,-51.96541706174018,1
-97.22523122150386,-56.31090983561973,1
-108.70490920226628,-50.1410570415881,1
-97.12151031285407,-59.53294967220401,1
-103.33074097930472,-54.009104138409775,1
-112.1115114193596,-72.25000515393705,1
-103.78698259096824,-62.13447151711845,1
-92.42735036007062,-47.04913876781748,1
-85.85619631818132,-65.18206479753391,1
-93.48228615003688,-75.36444857071244,1
-92.30005227329434,-69.9579431576445,1
-87.6745138341139,-77.0508346647705,1
-84.45952666000794,-55.13252235621166,1
-89.4569472171526,-68.09766080684157,1
-80.14988436046784,-77.75460369372729,1
-83.45858074707151,-75.21613639119256,1
-83.33772156225115,-84.64315847444045,1
-82.65176099955177,-73.47472768041435,1
-66.93583188532995,-70.37362579048445,1
-58.434509476220995,-89.1207435921608,1
-69.7315042256621,-81.06344268475762,1
-55.01503130370912,-92.39746540129092,1
-83.73927882081833,-91.69343201961584,1
-94.98135621796709,-92.3088744943865,1
-79.70610464336804,-86.86540786782189,1
-67.04235172846595,-70.89128341026073,1
-59.27428684738682,-96.67073599411876,1
-76.05550348192679,-87.19572919830532,1
-78.54148699454083,-74.9775364124664,1
-51.78827829068684,-99.12454907124851,1
-78.9340462282218,-81.99770227439652,1
-61.14539845252622,-84.22437725870921,1
-74.11964399811527,-103.62441823392403,1
-56.27716651480438,-98.15055198547402,1
-58.96417263328526,-93.34267670046626,1
-63.25413345033324,-101.90650009681488,1
-49.4707079904611,-96.21015742367257,1
-41.63540986432143,-113.43273607722872,1
-62.15359697582408,-90.20088036984002,1
-41.53406461238563,-111.21306431475469,1
-27.375144918633154,-103.28089068081951,1
-29.10872759685649,-104.43046681541426,1
-18.295700445627347,-88.17854132877467,1
-39.381623546317314,-96.60054717022226,1
-28.415229220634053,-93.1720005375396,1
-42.48432161686671,-100.49737568733161,1
-20.206924213280104,-125.4021549376117,1
-40.5707165852303,-128.62104685046987,1
-29.370943016055843,-101.42418114909087,1
-9.584732335280963,-108.18628549210106,1
-6.247167900717541,-123.01248471359669,1
-37.48667072031697,-110.00766652579352,1
-14.527129843838507,-109.97623340589135,1
-36.95347295333018,-110.69387323795503,1
-27.23226037796852,-103.21555752158545,1
-8.42825952736728,-119.37686621075811,1
-15.138669173366953,-120.59213521888952,1
-8.532548984396083,-100.42664514247217,1
-15.669695090435487,-104.8718178547074,1
-9.023524230793125,-117.73140116545059,1
-2.702519266314125,-120.00170914914418,1
-5.083646726706522,-121.43096846271581,1
22.180574685594227,-108.85883461173052,1
-2.3889522236847327,-106.78743418895662,1
5.55359417470185,-110.80929970238273,1
14.879798459006677,-100.65364797239582,1
5.486157605670581,-113.57294247982739,1
10.084570039549103,-130.37710193467188,1
-0.282921905500114,-93.1895734384179,1
33.34165919653938,-108.8066170753296,1
24.66874932500476,-102.61944820777138,1
51.6905075220471,-93.90990251516959,1
21.607488759050604,-113.99304142975238,1
8.7927415296057,-101.69356259051696,1
19.24894781562471,-117.20018568480191,1
22.285829802784942,-113.00179519499403,1
47.54508065830562,-92.5381481947656,1
32.49820274334101,-85.68326385770173,1
35.237200994968894,-108.18401803722395,1
51.560844284682666,-93.23125748627491,1
27.802905866906933,-99.53405478522247,1
31.24381746615236,-110.43053768808727,1
51.06447641262941,-76.44225961134939,1
29.597003759708187,-88.80310018329584,1
38.83272923311611,-98.16337790865693,1
41.147417526054426,-100.7548286101686,1
49.26374150869556,-99.21120060160513,1
53.16447974403582,-90.15537289691105,1
49.725297559166854,-97.44498235300001,1
47.974685669185604,-79.4974120193214,1
60.35123227525428,-95.47505801316123,1
57.906383690178046,-76.80061131402157,1
41.76065778165509,-77.46326081834188,1
53.34009646187803,-75.74128127734878,1
53.814676397855095,-98.01515505798181,1
46.62143836330951,-77.97386112625507,1
66.9117075649542,-85.95622688692997,1
72.08543015294936,-91.95726102170018,1
66.3905262911057,-85.85256097249359,1
61.850984654562374,-71.64079131466693,1
61.04885814958007,-74.3054669285358,1
80.96462752963913,-74.54744392447883,1
80.47184203402179,-78.36842531501941,1
78.59016585016272,-50.9234687177555,1
49.716347548928574,-71.55163205260448,1
81.30714728785601,-63.833154797743035,1
80.31399911215692,-66.03985186715825,1
78.49656587911531,-59.73213976409241,1
90.29817853971952,-53.785395078974084,1
82.94720264469328,-58.5822875797175,1
75.606643005877,-56.90351103470351,1
85.29906718804303,-54.88350911578273,1
85.08406372781417,-27.997550658755948,1
91.68889562314205,-50.07269059014628,1
95.7403381708286,-48.93795846239706,1
64.05639167196955,-52.96752778303243,1
66.39773241925677,-44.41683427790794,1
85.91613354510224,-22.138806571694396,1
89.58553041740741,-39.08298734961532,1
95.15237192469799,-56.98034180656438,1
89.71403586840167,-25.126435072196003,1
73.02889761558214,-19.353628649706696,1
91.61368914781299,-32.89101059758057,1
94.92742236811334,-3.9699460935663122,1
90.74589584688377,-22.12609699323789,1
84.61786113604535,-31.031767051078383,1
97.7555477022698,-29.0136845858541,1
90.36494829714434,-23.14435880088275,1
94.59247110029106,-12.94243090006193,1
100.28768245246484,-19.287729361467463,1
87.27931899455083,-21.88187914615884,1
85.55706739923889,-6.226995069551594,1
289.92219791148597,-20.07252847912431,2
292.9054311407313,15.845895267589679,2
275.2081720088396,-16.60533428528477,2
311.3909134031443,6.117555373432829,2
270.30843224369534,4.310649976873769,2
270.29668301594705,-13.165642047766678,2
284.2472639598022,-39.42844903436195,2
244.72852093158954,-9.72190955640567,2
258.76500621971593,10.493738724470662,2
260.6318066881475,-21.354281355675784,2
307.85185015420444,5.057100651002337,2
279.61197286869395,-16.243885671111663,2
267.0722580603402,17.145382845944177,2
254.61453884589733,25.113930436204704,2
265.27215473200437,14.436104749431102,2
264.8773628713026,59.98230865351459,2
276.24419574277056,4.445832289262135,2
292.54379415131245,3.842809884689075,2
279.8250679698131,-8.277975747394834,2
248.6151556016203,37.50429315697347,2
289.4555068185148,39.64175999951679,2
271.8567660348012,32.83511733794277,2
244.05914777276487,27.09836196977492,2
263.85301101019854,65.27079102201265,2
279.35073944591636,11.495477079639635,2
278.34907596993935,41.677189870659305,2
257.6944644307563,64.22932685758713,2
291.1949387885084,73.2325685317804,2
253.10923083271445,51.0278727925664,2
275.81412683682726,79.32195621244972,2
258.87735109433885,58.69037730744071,2
245.5828733995691,41.065288468211406,2
283.18564626947347,94.69323823172644,2
264.69736664040096,90.21105714467603,2
272.5496753894987,59.80270322038174,2
271.7012654963362,106.02305973477267,2
262.89031174967164,109.10475655198267,2
210.32256005741556,96.79160807905808,2
263.5462552274405,76.90700028692208,2
262.7056767226312,45.66106893238496,2
255.51954168908304,95.07150574877701,2
288.49082666130573,80.07196143993042,2
241.76056705500247,82.90143874062686,2
275.2135826086607,102.00171657667447,2
245.26312769009442,108.1728581584442,2
256.7304490034108,119.75172488760003,2
239.65626329188927,96.28719908571178,2
244.7415381072192,76.02186302899695,2
257.3705212810974,112.95489291311958,2
250.39292950357495,105.47337906776445,2
220.80401347508234,104.17306244666084,2
241.05622425333024,98.95058854320396,2
243.46230169553778,125.47643976721102,2
283.16774886913214,123.27519796338424,2
249.32966737147666,120.67168042657623,2
204.51657970717824,123.99582472153023,2
242.78877207497928,176.14480383922142,2
236.40803721969286,135.2529340206388,2
238.21114160380023,108.17842953995967,2
260.39109437086023,148.90844387550732,2
251.9637891413651,117.98743012718776,2
262.78691168538006,110.43097130007968,2
245.03551952660996,184.55715100989855,2
212.03459567480942,131.68917874638626,2
232.3650034181436,135.19958135330677,2
197.86518955022672,148.8809996850193,2
206.11881439762013,159.20873868736797,2
207.4429048782435,182.94905275702743,2
208.61301854758887,147.7087552763585,2
238.97544265987764,131.71828935906282,2
225.6617567413192,184.64981391625966,2
187.3509272205859,164.3566372564707,2
223.06698565751105,178.4428631043886,2
191.47988884084197,138.52499070615545,2
224.9882760527469,172.98663402228377,2
217.87094632982345,176.0736524033536,2
197.55347840116696,175.87227086782696,2
215.28968227425315,159.0072705478209,2
244.99949851126183,184.8224860413078,2
182.09536985703033,190.51268995459037,2
184.64703594789847,195.14319744087675,2
225.51375199510454,164.99168127076695,2
219.7926205009395,191.6485416926962,2
215.13179142631327,223.29999143168553,2
191.9306968281601,172.24407140890958,2
177.1785713106272,172.9405487244019,2
191.53990693213504,198.00089432101635,2
196.7116708112839,209.62560610113755,2
189.51679226126885,224.039541446284,2
182.0256580313003,251.2418424800098,2
197.87747873390674,181.5474370980978,2
161.975073192744,210.17454622091674,2
176.93607193128423,216.62185029679827,2
188.86625785749862,202.6840910993074,2
160.4457434205457,175.62449530736598,2
166.41552858173165,224.8119841748361,2
177.57617379095237,184.51345723403975,2
174.69081544163055,218.86032042731347,2
151.46753948939147,215.93559144181643,2
168.21111492654006,191.69003878379647,2
172.08987017480666,227.43459358576828,2
184.467430532348,238.94537081324063,2
133.11057272668285,200.74409111350798,2
168.80766417478438,231.38827706748077,2
166.63652941386292,299.75972812557865,2
165.5677958143354,246.98939719792554,2
171.03039992654075,238.8592145890355,2
143.43150518185746,242.54427308200755,2
132.05323589814734,224.14208603674913,2
135.5618234790487,232.0094589041172,2
189.3083046719119,194.5000183255882,2
154.4732423011893,201.04406022681144,2
129.02935524013665,256.5100374060054,2
137.46077960499184,214.58825464191807,2
119.56370903657246,251.12659305925334,2
116.94465765800763,243.2345487895446,2
130.13342397204292,227.2232495631989,2
169.75884337602224,254.2625483225189,2
84.02325049736245,246.62109030854762,2
108.92486944653184,261.22732625294583,2
103.9332269380935,243.14930201558352,2
127.49516821052946,264.0031198122604,2
90.99020578652085,241.22048986704658,2
103.08706267874892,236.0448436646163,2
145.4742065408894,258.39029458994486,2
82.51610838282093,269.80535468090136,2
147.73528593189207,273.23300638088523,2
72.45304269858693,244.01264371211124,2
125.71704806067474,240.6355087040743,2
106.78389805910166,271.35101283402196,2
76.88808495191921,255.71503313338314,2
28.111232810936187,237.44268628618042,2
85.38600277754023,233.97728212717846,2
120.57748039717481,231.3101518866206,2
76.61155749046316,263.48527273764296,2
111.71261307756181,233.0880708390882,2
103.61683303465284,262.92212335960215,2
58.18171041474356,272.8489020171361,2
79.24352231692274,252.469015842992,2
74.10114001228462,257.6106829513108,2
72.4107460918606,279.3801825624285,2
99.28877398321708,242.17881984505246,2
107.6500884429502,228.66781688923965,2
59.36785494000542,280.22717998093617,2
65.4308910247032,256.7348678123441,2
53.049675302445266,260.0335626039905,2
42.81967101057225,287.5669902790098,2
59.13611080007077,257.3747125316624,2
67.37083298765069,278.01338699957563,2
63.01352256367353,285.0709504930194,2
27.548446279192945,261.8621656254549,2
56.44111824013439,285.8369928887827,2
38.43915937044563,276.51627934874165,2
61.767692291485915,262.85474744188997,2
44.50901606299176,271.13502353091104,2
26.561802665656348,297.62333310946184,2
44.76800986387018,292.3630886292614,2
51.709627011466765,276.9342170701844,2
36.57580438923515,270.7061599840214,2
26.75330679506551,274.6820674430267,2
19.53988936914571,289.5375509030816,2
-1.4374826129225369,319.80765806455304,2
-7.869269576836523,253.97763651918086,2
32.734844130734444,294.3721286550321,2
19.374189012073234,291.3591983838573,2
3.9638566156269626,261.07654119668774,2
3.0399321922883686,265.683643351608,2
18.339550527149083,276.4668708984387,2
-20.36099091221174,273.1373200391364,2
1.7180781906670521,268.4234289063149,2
-25.675547120953908,284.68040132283465,2
-7.023263724126643,269.75237599588377,2
-24.035467972937237,284.59265912587017,2
-46.26892928564706,251.83863936373024,2
-34.368884425048634,275.73105696576306,2
-16.474606232339223,309.4950391902524,2
-8.232105675388725,276.75288977944894,2
-28.457729011752576,259.84065221055016,2
-31.13912351022242,274.0334843145937,2
-27.0050778983926,263.15330109134794,2
-25.76202273881494,310.21981513224785,2
-41.01235882793111,287.4422529704603,2
-27.72096119419149,271.2024681441335,2
-39.72694243635682,279.2734766420403,2
-44.93827070005333,263.3320925214624,2
-49.082423175554126,288.4988406006824,2
-23.22820589725658,297.44682529663964,2
-11.863281901515684,262.6129612930829,2
-40.15355733487768,281.3012505091104,2
-16.473921080943107,261.11896282327746,2
-79.7311818069513,264.92364220701006,2
-108.07796535457622,265.99903980391406,2
-83.44233611518344,279.1007716387728,2
-64.08030721465747,313.17121285403573,2
-54.558591675869906,263.64080346634086,2
-94.18268780268447,284.52455864873673,2
-105.26185539014133,310.79890699965307,2
-57.90644372324331,264.24607453801934,2
-118.39103707945185,300.14323391270256,2
-89.04707709194659,297.23469989401633,2
-121.26738865487292,259.879896122968,2
-91.89092708640607,272.1725163121703,2
-103.60827557904125,283.0319469855393,2
-118.56452889724255,267.0459915967413,2
-97.40514103576447,279.477634889931,2
-88.1712592789392,245.9679940144873,2
-135.67170436453722,293.2631093176599,2
-100.92215742071811,251.96539909045842,2
-79.11735967638508,268.4510617578648,2
-89.1191546312076,266.6673245167483,2
-74.04736990781349,299.58017023503197,2
-122.79116640528397,283.0382515509578,2
-107.44603899985063,290.0900932898574,2
-142.1856165078415,275.5263430626459,2
-104.24395748741097,225.69567146345892,2
-151.5944245718575,219.12833589063126,2
-135.82550249429448,273.28379088239467,2
-102.88943857039698,259.4123347212618,2
-102.85438347205493,229.3035110903214,2
-171.9751582832801,254.74737778750287,2
-132.69751609815606,254.13500305456813,2
-184.18928401846463,251.91492437918058,2
-171.38155200173634,265.97715214646314,2
-140.40182254758474,232.6505200132588,2
-160.44246008200128,229.10638993294668,2
-153.83955084743138,268.21427472611543,2
-174.71065485434713,257.9914448942226,2
-168.00057499836905,230.83055928361108,2
-161.92424890583854,224.7391843965341,2
-173.2335848488432,220.2211017052444,2
-125.23159957218672,243.5972750525937,2
-180.87447174936733,245.86376609084317,2
-171.46854816778315,235.83586452465084,2
-159.2686562914817,254.05553119885124,2
-184.47980617398238,226.0182732676663,2
-181.67621316611536,190.10472690579255,2
-208.77181379989625,262.0685108155486,2
-147.84868422367327,228.31765685947698,2
-171.4839940773263,238.07032526829394,2
-123.69147826652598,252.7634743450824,2
-190.06809201851405,209.76764935954088,2
-221.8658164798157,231.43416138948677,2
-207.0773795623627,197.38631537096614,2
-207.0814432853225,202.64712432202572,2
-162.5927429862906,240.33789345147324,2
-198.6664116569434,250.7114408270372,2
-199.11659393287218,202.27490788524523,2
-172.34392412344926,228.64753064623577,2
-225.67904605437005,212.41212949673147,2
-224.5593056253152,186.89345012112224,2
-190.62113726278125,251.04942213230856,2
-239.19854840098964,222.41335756654829,2
-226.3071502907848,199.68572513298562,2
-227.19370610784938,190.4041928947704,2
-216.41118522301724,189.30243747286255,2
-213.9923688504309,203.1359071634622,2
-226.1842885751293,184.19056717412457,2
-234.92834976533288,215.63292243256817,2
-215.3457880261189,179.1394833304525,2
-225.33214858747488,211.86620161565324,2
-262.6448600461381,205.8360637507364,2
-244.43033000360035,204.4939144922804,2
-248.34712425126742,155.08021281139315,2
-267.51970866080086,190.21845335693843,2
-231.64400911378777,169.23246219397126,2
-225.9187390508759,152.13373053322746,2
-241.8466938889993,159.17259915871722,2
-255.37856257099963,182.3533010641295,2
-261.3489366581239,171.71039448143128,2
-225.79558361679446,165.84378039145082,2
-230.97016604706377,152.75169052991973,2
-238.83214924997378,202.1256713215064,2
-300.58686283528255,155.2892918151974,2
-241.31964677929506,165.08378049255435,2
-247.12652727298274,154.96723682330367,2
-254.48710730894553,161.82057825999948,2
-234.51368853934633,167.8948225348668,2
-252.74853867030635,152.42642076337532,2
-270.8646825306864,149.85579507421883,2
-254.81605546491826,147.9158860713367,2
-258.4825872563853,195.65800157338086,2
-248.40889549428564,145.42989401331994,2
-243.34061022886328,141.57538261423338,2
-309.64094887510635,127.34801397055075,2
-307.7878145369079,138.23882475480463,2
-271.4769545936321,176.54387958394744,2
-266.7598301753212,136.3660279175218,2
-258.14291384298826,94.24528637576768,2
-271.4308590383328,151.592483100822,2
-307.1063629961567,156.74486408591048,2
-272.1354488480168,123.24623201433435,2
-267.5996191931895,174.63584433005465,2
-277.9468427749888,131.8443733155225,2
-292.0792220039639,107.52921484121885,2
-267.57194322613645,105.0389222237223,2
-284.01270610053365,110.23049277144521,2
-277.10841941393005,124.06866473665936,2
-267.1597156987076,104.79580595054144,2
-294.50892702195796,93.01069458632199,2
-299.17652557224795,117.7111315961645,2
-276.30834340689876,89.29048098596937,2
-275.191582767749,132.40491916773848,2
-285.4286271049623,140.37635826882854,2
-310.2646819985214,75.485731010714,2
-331.43273674352076,127.82839572596077,2
-283.818227127538,94.31500096527178,2
-292.33106658646983,70.42679866635021,2
-250.0179061741389,93.021789444908,2
-297.7250835537353,102.44458679651603,2
-291.2502765571869,89.89012770998546,2
-317.61480297158323,92.31651443895944,2
-265.0769722097097,107.26195891465329,2
-271.74309999908274,67.58756990707889,2
-324.26544979133945,72.74659000346045,2
-304.2024566427721,94.58892868190323,2
-339.986861666304,100.73140557604793,2
-310.09528779316923,59.03081626136172,2
-327.95166038489305,31.892287512509498,2
-291.99742417200633,63.86991618448525,2
-334.98807620357707,33.909478228730244,2
-316.6092752829697,90.59255081537864,2
-315.7667753658614,24.544107087094446,2
-316.1477657185943,46.541329685816436,2
-365.8051294408749,48.29293814862952,2
-317.0970642587206,60.68040748316285,2
-276.0866645304874,66.65964708858957,2
-319.00736139121,19.36472796283583,2
-262.7025356175688,40.04155993001838,2
-314.40758938034764,35.73189263351744,2
-311.21718136423175,30.679860201112305,2
-327.12103620732273,19.978247905392926,2
-316.7479613135686,17.391187461434367,2
-330.7710558910725,27.72865542221814,2
-322.0110394643076,53.01660473498973,2
-370.30432469824063,42.10011678374605,2
-292.71270654439076,-23.86783457887163,2
-324.8136644324508,7.498113731831168,2
-346.41164266929184,-3.3052556986599697,2
-340.75039168508994,44.61803552920563,2
-300.07872033562245,32.3228945709134,2
-304.58818734553967,-18.3722433517793,2
-329.7172829074457,11.311332252972287,2
-343.8505747063204,13.097124462241835,2
-324.371544835359,-11.347463127353368,2
-305.47872059832457,2.3447153348754473,2
-327.025980409378,13.955456857659703,2
-341.5125060553043,0.39611699258426114,2
-308.0896352193498,-20.80563064685057,2
-313.465254406419,-42.329513983406564,2
-301.519459615862,-23.698042728859612,2
-330.44237526164216,-1.7125730275615103,2
-334.03853418957266,-53.55452406670022,2
-351.02382297378443,-15.957205826785987,2
-345.4152441429221,4.327022849312758,2
-361.33650812006886,0.46967826064645735,2
-315.34468752814394,-38.08321526104622,2
-330.30640026466045,-30.854433571752455,2
-319.97957163034715,-19.45780338808328,2
-316.73707565316363,-41.20275684332752,2
-326.0645324428489,-48.03070514545123,2
-312.38283939793223,-83.77599451386547,2
-345.22511721704973,-37.38579617270303,2
-314.542603788285,-58.60659777880038,2
-317.2657317330355,-50.64833596205773,2
-328.0801221365677,-75.83607425334273,2
-312.9945900139369,-82.5042005156364,2
-308.34908512323983,-99.65172295313681,2
-295.5097831627358,-58.8077332358486,2
-310.5272013834405,-51.26160705129029,2
-281.86938769033736,-53.279667139228216,2
-351.5036598452395,-101.80593371043133,2
-326.66610323647967,-78.33537024551174,2
-303.276407170731,-96.01012240073834,2
-309.33045113985276,-99.23600514470067,2
-324.7087297143861,-114.88950212385859,2
-330.33206150426156,-116.41252759131224,2
-330.7503694964221,-70.92296514861285,2
-329.5629261152282,-41.959324852708555,2
-300.0272232795495,-93.51539783569311,2
-326.3560138123803,-85.80485608182255,2
-319.97359237600017,-99.96336054780974,2
-256.5078821143139,-106.91061894431769,2
-283.949663295876,-121.63196616282767,2
-306.8373388819469,-74.72438647412525,2
-317.8562960443015,-76.45612715254549,2
-290.31831467705837,-126.51166392333857,2
-290.95867775076033,-98.36079444316782,2
-290.28126289486653,-151.7580523893627,2
-316.34805737917446,-127.83752000726945,2
-302.3591297739221,-112.99900527338909,2
-296.3589594271682,-154.636141492744,2
-291.32898874635623,-118.22565089972679,2
-286.7346301542455,-111.3209651012251,2
-280.22709716364113,-126.24309279891195,2
-297.2616459946082,-171.12672816649675,2
-286.19653363379825,-136.22507133367995,2
-288.26574842552884,-168.3754135340732,2
-314.20483197802764,-124.2291049249812,2
-292.239218816939,-134.1037735220692,2
-289.7242928481166,-149.56999894535244,2
-270.3457521965707,-162.9068634663154,2
-285.988099045046,-164.24163970173706,2
-295.3779404775043,-163.57886510029297,2
-281.00135541224734,-169.3586141400169,2
-259.0635370455511,-180.0527447862895,2
-286.6294368963863,-173.32072339599802,2
-252.6446101890841,-162.94886605928411,2
-259.6183657259426,-198.93319463470598,2
-273.56437168051997,-153.75937437988145,2
-275.88895829505145,-152.56017572046468,2
-286.4889192025117,-147.9882304193709,2
-228.75306299427314,-185.72476376471832,2
-282.20842807862,-151.6803489513449,2
-240.253879262809,-193.47233388150696,2
-278.775712458308,-190.90478661284078,2
-295.76746839223495,-205.88277911858262,2
-287.4477040071837,-205.0928413767468,2
-266.52508731065524,-187.2660700059462,2
-233.2680745380321,-214.11706641524773,2
-243.01865034295264,-200.61535257225196,2
-262.10183224228535,-185.010568987279,2
-281.95503234305653,-193.0157651621435,2
-254.5402856082815,-192.95738038867944,2
-250.43553018024727,-155.828120169623,2
-267.3042444254354,-217.66687965765627,2
-265.3238998514013,-220.25423059661912,2
-263.90171537886727,-187.44686630245576,2
-221.01814784848244,-224.70922478333776,2
-264.3311197504513,-205.9175164953439,2
-256.9659006867028,-204.72298142680341,2
-240.08220893541898,-249.71638766597226,2
-211.39173638835533,-185.48777417589062,2
-252.7808717257408,-231.14695435268587,2
-232.97328041192546,-218.674995978866,2
-223.66757369476096,-187.11470392073227,2
-238.50780445301874,-245.2226993144797,2
-260.66832568070777,-245.79645562352175,2
-231.84039428215948,-197.19078385006128,2
-239.60898040443425,-230.49310087035963,2
-227.6472526175146,-213.07059367925567,2
-174.82548326113425,-249.30796368482982,2
-233.18171200433082,-219.64188037467147,2
-207.76749784527502,-205.4076939002357,2
-207.7229416595085,-251.326511168186,2
-205.56852116806772,-223.747368189425,2
-198.9361839991248,-237.53852766622063,2
-191.96080511656533,-226.04232099936598,2
-183.58401710385652,-238.1797750809438,2
-212.48704981975138,-249.9268155942393,2
-182.91676122745295,-270.88815816015364,2
-197.56065679038306,-264.0856793049507,2
-202.23150921014624,-232.3002925203965,2
-196.84197872542674,-258.5718609486873,2
-225.70408165020973,-246.18748672869205,2
-183.42589206492045,-219.44000384637502,2
-200.30555029953211,-259.8950778410347,2
-186.9626909824617,-234.28232396764997,2
-191.64280072240354,-261.78445815673535,2
-175.35180999456819,-265.146275708422,2
-194.19776672664136,-266.4901762584246,2
-161.54249834124636,-292.37562816564434,2
-178.0886450107616,-287.3007939493879,2
-154.5670599774286,-305.1947635623335,2
-187.35361616851458,-268.5989126992136,2
-142.55930263708507,-278.84964330201956,2
-182.65598082621435,-241.28223560909322,2
-198.18226518229162,-324.23137564771685,2
-158.07967258844923,-291.6252523632108,2
-184.9507585731291,-268.72487506717187,2
-157.28458446647565,-295.46023217175593,2
-185.38972968016543,-267.99488427931857,2
-144.39139907174717,-288.67153320444555,2
-118.06339400668324,-309.31220991038856,2
-183.09647232046305,-302.9495897137154,2
-151.07684206237744,-285.4238713842719,2
-152.5585086266485,-284.4070078095199,2
-170.32295047544835,-263.70840908839705,2
-144.48346558551873,-271.35140853767365,2
-133.52431814938842,-285.6538336333742,2
-126.51216389153305,-286.9041605650889,2
-122.57223918613002,-270.3224896519705,2
-129.00615621828834,-283.7503639610959,2
-132.2320796911481,-270.13060145748585,2
-141.45710035972772,-263.8941707876169,2
-126.21560623728972,-329.4859632342821,2
-120.32505899802376,-315.42634701217463,2
-103.54068701177927,-315.7699417252582,2
-126.73555209999834,-341.39764715078115,2
-124.30845479043508,-352.950939918747,2
-144.38315478219874,-290.1086617656601,2
-94.42439601381902,-297.6284178363083,2
-126.9079605228944,-307.88935694442904,2
-105.06147173163642,-330.87686666354045,2
-72.33559080537432,-290.91359003973116,2
-104.23033714659586,-308.65114142886534,2
-93.04446415063978,-350.72827866565297,2
-99.55051379986853,-324.21463329854527,2
-112.02820127866829,-316.8549102945945,2
-53.42510494199546,-299.0505393567032,2
-98.17985998255031,-301.02671802742395,2
-56.1412377659144,-294.5731127711389,2
-80.30263873926577,-326.56832313422484,2
-64.89272497745696,-306.30002397413097,2
-58.310529975163,-301.98273918496716,2
-52.576014133204346,-325.88358081080025,2
-44.56754541751427,-311.69580397587,2
-26.754465431604384,-329.87665227104003,2
-30.88077480507536,-312.5559245682762,2
-75.96510503562507,-326.5892117969769,2
-66.6769259091831,-308.80160960234207,2
-47.14326030858139,-329.1084104731149,2
-55.41402289696667,-275.11450537860657,2
-17.700214651143458,-309.5349353814548,2
-48.812557097369314,-316.1382482414081,2
-34.62143321642177,-339.24813950253986,2
-49.356322821032194,-352.3933101039562,2
-33.539378576308366,-306.2829587877954,2
-48.50088510478171,-287.92828326268085,2
-60.66426628368555,-348.8525344763927,2
-28.970412733955094,-298.7559539101513,2
2.9096930387826134,-328.98434235037524,2
-6.503788185073092,-320.66140889332047,2
-28.837844138245778,-302.278461628984,2
-9.646299976031262,-351.5157579909463,2
9.53080699451786,-292.39817291705094,2
-29.81849648589131,-312.07184418251313,2
-4.734098134916215,-314.7381850622393,2
-22.928698223209775,-333.32370686206735,2
-9.742220629454522,-296.35207670780915,2
4.33145219704307,-327.1102066041165,2
11.582927236605244,-376.5358892847978,2
21.81246986623592,-354.20229410404346,2
-5.724977799649071,-341.6202754743731,2
-21.68483744185319,-295.80509287883405,2
-2.462231355207834,-311.86221056395743,2
8.634215083149265,-308.998058231311,2
13.787515874362416,-343.9212532587069,2
34.852267440689445,-327.8350442140701,2
-13.531667903904015,-326.19671361366164,2
50.285175557982804,-300.2804936881106,2
15.963702275178552,-323.8966492022591,2
19.167349844032323,-274.97918056631244,2
35.89839192874038,-307.49206296542735,2
51.52109581083727,-310.8720128891878,2
28.38622552317688,-319.1058735612885,2
34.782369187436004,-315.43061994880344,2
53.40978212246799,-313.1308139664201,2
56.14804768198047,-315.24391918228514,2
45.70105030395588,-353.0298001200365,2
65.0828336809439,-305.54860413658724,2
69.33903767617858,-369.7925041459173,2
93.76329517638416,-314.02469699997897,2
76.77062248420656,-331.3730668811,2
69.46759841084186,-330.96189256064036,2
47.335674456086366,-270.9082311314203,2
58.589908825450024,-304.1121783876502,2
82.39077556359976,-297.79593512023763,2
70.57681576318132,-299.635909772265,2
118.20871089160079,-307.2899450126794,2
76.72707924678352,-284.30386696839383,2
97.37284706461287,-280.7327472749603,2
90.58648787628609,-326.4669307864804,2
113.02218863757533,-325.6443699995843,2
88.93985660101986,-316.8908308630643,2
84.1296802925429,-294.2952129858516,2
94.35639862754743,-291.4745643611276,2
122.71159118657617,-289.8622597361959,2
88.05344690650443,-278.64869574709917,2
119.21610416197336,-321.4576965573591,2
109.85551089317418,-281.8348769192172,2
94.4275550097423,-267.2747617502176,2
99.83933027701646,-291.1857961000055,2
101.83072550596174,-292.27212021823306,2
85.8082857316175,-320.2491333916919,2
142.0552229997668,-307.22988733709235,2
92.75812191284179,-332.17923058816496,2
102.21689897384613,-314.37231045201565,2
150.23572583364745,-266.4916741420054,2
106.02063480319276,-240.3953147380355,2
141.79590848173143,-290.6752872271939,2
74.53798793304303,-237.0731525613443,2
99.08851225424365,-314.49214281529663,2
149.67339581415922,-231.4602083885299,2
159.23744666256044,-267.62719459685803,2
145.76487005507752,-260.46632690495375,2
151.35375101881777,-270.51932172111674,2
140.55201463496266,-275.9828880246486,2
125.66874671636528,-278.91187918794014,2
109.1559970545338,-273.81211471331835,2
125.49727229261235,-292.44376246070624,2
151.10762321196825,-241.03841244465744,2
168.10322219471047,-298.7749007446059,2
132.15780192526975,-247.01596580315538,2
134.50023772970562,-268.7707473942542,2
167.33661766823292,-282.07198740975696,2
160.61446895353023,-287.7930679476008,2
148.63660720680025,-253.1049532289598,2
130.94653099820889,-249.05983501333475,2
164.54136698930716,-245.16910397006077,2
171.52522323891324,-227.2666361409321,2
171.6491782663722,-261.44920014541106,2
173.6731469852525,-240.2880122520091,2
174.27150031486224,-248.61639898420202,2
161.30599386693672,-260.94202663938586,2
149.32951234591988,-210.92990493734453,2
154.5242406582019,-257.9987733083631,2
167.0371823264171,-224.44335287606773,2
177.49392958812555,-215.57025646257853,2
171.89431929372904,-233.11070498194763,2
170.61185363086423,-193.93547659274975,2
165.5047860431204,-228.77244569859718,2
203.85339244332536,-224.8059591713873,2
189.3761879428628,-233.77426881935216,2
195.84508934271966,-232.19679445628068,2
216.11604148411558,-183.10833466423242,2
187.54075252626671,-252.76019137018824,2
198.75945694902782,-171.79873640088005,2
186.26834905556169,-188.62299152892,2
237.6946856339735,-230.4732702001878,2
217.30110138478872,-184.81368531934308,2
200.10145346861685,-219.4174348251194,2
197.7946145293065,-233.58943352220575,2
198.16842193141645,-235.7060022598522,2
213.54275868809026,-224.54415283458715,2
219.22516297622388,-238.16485348169266,2
222.83650770269264,-188.2635437356626,2
177.99461692111336,-195.32527427189115,2
244.05397176127613,-224.85678045964892,2
254.56400578599053,-190.1265786432905,2
208.60486119731604,-197.45095724089612,2
235.44462264474797,-192.6298777722239,2
236.60650941184684,-210.36383651826412,2
230.75210515286366,-218.01118001276413,2
226.6539369445752,-205.58789301819476,2
215.66137726459542,-160.54723093142206,2
253.67152458930852,-170.83237092029827,2
211.45212235715286,-187.07620748759518,2
258.9929794662416,-175.63365428312738,2
282.5297410001379,-168.30882243519537,2
241.3756204103604,-180.05211250582192,2
241.57619509355067,-174.6013870199613,2
254.417430049087,-150.0879408380751,2
225.8643786659996,-193.5046206606715,2
206.167896551093,-154.36627569226394,2
222.11132743354375,-205.21841060094954,2
253.21560293554077,-109.92365135809176,2
246.56659769806004,-140.62560714188757,2
249.54710175481682,-156.9739269914594,2
267.49295797584585,-158.3914597857413,2
255.63850665216367,-143.73116561134748,2
238.08630666694484,-127.89294047879145,2
249.08450603595406,-160.4070651814964,2
264.4275220408443,-160.8098016534881,2
255.3525211638324,-140.56120500982658,2
277.57624308206664,-128.41354483857833,2
256.4050010797162,-119.07136839947518,2
285.73459009321243,-121.78037348528053,2
259.1399981633429,-156.6740904524068,2
238.61070618432566,-134.0337484056357,2
248.68021714873538,-129.15187328411204,2
262.93831236061914,-112.29329220910495,2
261.3074865780286,-110.62352511502974,2
264.896320828073,-157.3212147627802,2
245.68664550979275,-118.14407951988586,2
241.1230600317238,-100.70652371256045,2
296.7525857188815,-85.76516215288935,2
262.66627240298527,-77.75391492331113,2
270.68292202373186,-111.73114037218585,2
256.1927825804257,-108.45295057047991,2
261.42532183793134,-96.4027292224931,2
273.10506091816444,-97.15119990652255,2
279.3137117335163,-70.79404065372978,2
290.22398714570187,-121.69376044976806,2
220.7889738840043,-70.69243725420044,2
245.14079968623858,-91.25158822474833,2
249.66352590820708,-120.16795524923486,2
284.45884214420914,-66.31214293161634,2
262.6395236680316,-130.67803709262697,2
263.7612862535569,-68.37831426766674,2
245.60064520410629,-69.89987004400822,2
275.34159908625804,-59.32959673817905,2
278.48450327753176,-87.72106170174081,2
300.44557027081896,-68.77064232891976,2
276.36540432569177,-81.60210414480005,2
268.4192835065502,-77.966034025835,2
274.1754891958749,-23.365800466444522,2
250.52188969221672,-87.19815900928185,2
307.68481532480763,-56.43755159619503,2
265.157420002575,-28.774532912811807,2
266.6799774038344,-10.371598400091663,2
292.58014605318976,-53.96702023547937,2
322.37304184716027,-53.63813948848073,2
294.24992596866764,-32.851304250664406,2
305.5998626601722,-4.918729089101692,2
280.33800294370974,-48.527806512078485,2
289.00609995177876,-44.323168185416904,2
320.1589844538388,-25.346698232044275,2
272.64522935247527,-21.69169202213124,2
253.0453890606674,-42.12503831451271,2
304.0082781588885,-33.13788557942826,2
484.89155501840554,-31.006357052356066,3
489.3911782449288,21.973915633917063,3
462.8865749487044,-27.59988885077133,3
517.2184791068717,5.588089596256002,3
455.66904860481725,1.982180846643086,3
455.74220553592073,-25.126801272140433,3
476.77533548604333,-65.41434818080148,3
417.62094332761774,-21.7464667873444,3
438.8158414444548,7.686687218870482,3
441.7726419484994,-40.97385127540207,3
512.7757162482592,-2.2432761573931685,3
470.6052962709447,-35.079042822437344,3
452.0014822812595,14.122983475374753,3
433.53699724891715,25.19653882574175,3
449.7618216039759,8.303344165458853,3
449.4243101237682,75.74920296087558,3
466.7454784563614,-8.425750731047046,3
491.48200262309985,-10.197117062389829,3
472.7072101350495,-29.241523668958386,3
426.211769190286,38.57245385822584,3
487.8078129346156,40.92322798184037,3
461.76126437667835,29.862034474640375,3
420.4323995903026,20.41006502428482,3
450.50670924016345,76.826461346946,3
474.15271898462277,-4.673972140766594,3
473.0654911857779,39.76611418495229,3
442.5146375653203,72.76701102159298,3
493.2121529394812,85.44993306112399,3
436.5460768009857,51.326510538032245,3
471.0815283064513,92.95701110653309,3
446.17003158630837,61.20496472551562,3
426.73747697194256,33.96879153478339,3
483.66622683456194,113.61850524206535,3
456.4737581366867,106.10954189778806,3
468.80746172080273,59.71802806011755,3
468.105304558541,128.27647746866967,3
455.4744743177647,132.13402301271546,3
377.2235133346447,112.90657364311907,3
457.6747102921981,82.32939488372767,3
457.0444038603806,34.717876144400606,3
446.9105872460921,108.09873998704347,3
497.0276407588824,84.87264659673905,3
427.60703105820926,88.39828335265167,3
478.47589932410517,116.33850104845315,3
434.25403672546037,124.89357601301533,3
452.1732209891291,141.56898095097475,3
427.29443296309466,105.68821901620285,3
435.6690277793568,74.61534234455391,3
455.3732790705467,129.34929298178363,3
445.6816618468506,117.47088318621927,3
402.08695023363487,114.87390014469162,3
433.2677170015691,106.40348682695618,3
437.69296623992216,145.56554053190737,3
498.0808449827481,141.64710664644852,3
448.16689619879565,137.1355826496607,3
381.8037923679658,141.52604532378203,3
440.08184967232694,219.1644234701881,3
431.3936422848723,157.25235962663376,3
434.99420313794815,116.07734222368687,3
469.1729273795763,176.6202673229422,3
457.45353507862205,129.69797922505808,3
474.622432745312,117.83401587713215,3
448.94208274906555,228.50566491299762,3
400.39983392901456,148.69790153051807,3
431.8668537946198,153.46967569390432,3
381.10068337847474,173.51010710101212,3
394.47668228996827,188.53231028723,3
397.47025831548376,223.68582264716827,3
400.24461350047136,170.38101871973288,3
446.8190427540999,145.96371628951766,3
427.89077772222527,224.94230546895233,3
371.4781287463487,194.09689908143557,3
426.1170022200706,214.83380167277005,3
379.81219074928947,154.57790965248785,3
431.16150906269087,205.90479006676898,3
421.5830099171485,210.18337659565321,3
392.21491401887283,209.5431499535593,3
419.93778741643706,183.92142354187524,3
465.6313904296208,222.33408946132317,3
372.41423510585236,230.57344530987254,3
377.39077729814045,237.2376009749397,3
439.84974470498497,191.74320122359447,3
432.4366344595747,231.47598047784035,3
426.62351339625235,278.7153902974988,3
393.00937002188573,201.90862294446097,3
372.07789520806045,202.74545834179003,3
394.8256645672244,240.1432305548541,3
403.7979648772465,257.4028124517286,3
394.22902479887887,278.8616144680866,3
384.22425775386887,319.5184724871869,3
409.2423115820347,214.84589937094947,3
356.6372450792375,257.6713458244301,3
380.33533324681,267.2429501369779,3
399.4950783351127,246.25294086438777,3
358.1364755952288,205.5962721854894,3
368.37085025220307,279.3264383930824,3
386.3988669866323,218.84389943593578,3
383.36505313412744,270.3458731029989,3
349.831359130513,265.9569930126539,3
376.25475874085373,229.6035172113179,3
383.38756366600944,283.25194587157665,3
403.2750297306966,300.5665530898065,3
327.56713873057276,243.33001964705863,3
382.44625734017745,289.378727374669,3
380.5289367770266,392.0354715461299,3
380.2709313891045,312.99677575058513,3
389.81545819309014,300.93562778323025,3
349.7730734443013,306.6147572601483,3
334.06677366323976,279.18052275436196,3
340.6957149530215,291.16821905593457,3
422.68626040488016,235.10837081053978,3
371.8090612169594,245.1465046490326,3
335.02300167067796,328.58538055946036,3
349.0540909409158,265.96053453859906,3
323.5964235374308,321.04386512986616,3
321.05957376057694,309.4996914045851,3
342.238041566484,285.7947778401855,3
403.07488135884677,326.6839747300526,3
275.87339551155185,315.5703188042924,3
314.6307197676541,337.8465530082311,3
308.5509429405423,311.1148109496673,3
345.3041308133671,342.79930873150613,3
291.9593492992423,309.04767242150785,3
311.519479269814,301.7251079222132,3
376.5170178017067,335.7028419221024,3
283.49846626937324,353.303697016286,3
382.74739540711533,358.94219932744994,3
271.24555392778205,315.62749025796586,3
352.56423866927287,311.09648112495995,3
325.5881358087312,357.72333531358584,3
282.16877521386704,334.84191242942603,3
210.4283838584401,308.02492943905827,3
297.7657437265652,303.43739091042414,3
351.97827283507485,300.0663313732721,3
287.4545980609164,348.97775213381254,3
341.53107654846167,304.0498258326687,3
330.8117752150881,349.48794947494855,3
264.08272125328364,365.0843597336221,3
297.09811745549626,335.23999708991107,3
290.80605742404543,343.69721348204183,3
289.6906013140997,377.1154503349983,3
331.4261851297108,322.09668581870625,3
345.38489148374424,302.632771302619,3
274.37625369409966,380.79373226284673,3
284.88328285853925,346.39652059322736,3
267.7214813365845,352.20517128415264,3
253.78382813618595,394.3852826799162,3
279.6629561077109,349.9962045776186,3
293.4164063435271,381.8729284818593,3
288.2784897114053,393.39736244518207,3
236.47538950662585,359.5416510106379,3
281.2051598648316,396.480733321596,3
255.58901497837098,383.49587616198966,3
291.964421437031,364.01915714913883,3
267.45461036116643,377.4745075642641,3
241.90737214727736,418.26125515752204,3
270.585425783856,411.44450588660476,3
282.36153758176437,389.39413527005365,3
261.01921520228683,381.16428845128087,3
247.6383880641515,388.259671119977,3
238.16547110314855,411.69367880564903,3
208.0406944836437,458.26885916790974,3
199.7281498653637,360.7130574660156,3
261.9630930957552,422.51320891571424,3
243.24430238675023,419.22137877990025,3
221.444197632473,375.04407745184267,3
221.36668941555723,383.22049923688166,3
245.61726277667833,400.68015588969865,3
188.86014695889077,396.9896521553703,3
223.2647806791264,391.24160343781256,3
183.4524899669766,416.9687714400355,3
212.70096321592797,395.9373179563427,3
188.44438987017946,419.5771537869567,3
156.34740006582416,371.84431117547564,3
175.44192323220034,409.0998475428285,3
203.51883501295626,461.1813985841185,3
217.10890421551133,413.52236249371515,3
187.98739708838573,389.6267448440513,3
185.1726287607078,412.40722051649726,3
192.57120259267901,397.5965979264401,3
195.62325963313828,469.72437966063586,3
173.92498604293627,437.10433700546616,3
195.02885711950793,414.30917954517633,3
178.17599231114386,427.9983583339126,3
171.50422827385523,405.68701932632655,3
166.42213864636943,445.05587242029867,3
206.32630437254954,460.11449471761364,3
224.48502148624726,409.51817653058754,3
183.14922197052056,439.22283683948126,3
219.7563643388691,410.6392943834712,3
125.94602808684958,418.0537768657848,3
84.48906762733117,421.3918205778832,3
122.49318024901855,442.78675696838246,3
152.5741408605733,495.65205400341364,3
167.88167526822713,423.1332748072407,3
109.45733212104261,456.25284309162737,3
93.83701861685195,497.475300565533,3
165.85500852524333,429.473882934231,3
76.099223954926,485.1642437201097,3
121.0723018298952,482.6627475067806,3
73.68480505255594,428.5084200699962,3
118.67810178006295,448.84169018626375,3
102.01611926975853,467.0415237498403,3
80.48101835351025,444.9895099580491,3
113.10442197097161,465.580007860234,3
127.82441410132928,417.2745730379069,3
57.427569538119045,490.1921438019601,3
110.39017350433625,430.23622331994034,3
143.9199221073668,456.9709829100033,3
129.72385910434218,456.3171350066188,3
153.1220531441633,507.7235235183491,3
80.78057405749018,484.9629949859676,3
104.55599182584974,497.60820221703375,3
53.187676657287454,477.8449801932417,3
110.82435530375888,405.1961963766803,3
40.505799581054006,397.4570964512937,3
64.84909935160394,480.8167198366149,3
114.92570182008434,462.1503696047167,3
115.63320039256887,419.1422149752203,3
12.589184112207619,459.47719439744577,3
72.12484528174792,460.7417600548421,3
-4.5117335135582834,459.60856607921903,3
15.282637341221303,482.9124740394002,3
62.3165299803472,435.14657851411334,3
32.801225000014654,432.06776464090035,3
43.232421642183375,492.9801419839942,3
12.433609886059735,479.9094547668608,3
22.987416791145762,441.44452788045527,3
32.57126874750455,434.59654586217204,3
16.057137621736672,430.12101387957347,3
88.49033403492653,467.49920884405867,3
5.436427196963237,473.22505258203086,3
19.93573564690511,460.52130721250273,3
38.60585842691022,490.20073979206927,3
1.139122230941318,450.50643508219963,3
5.674047360822229,399.00916962951874,3
-34.66042608187786,509.33919204035067,3
57.012434169004884,461.1083689436156,3
21.826721748875883,478.1437578169187,3
93.76168401831379,502.60061155717307,3
-5.5782605034107995,440.5345618364747,3
-53.071230517842366,475.4723873790254,3
-30.706463199596655,426.8488560511321,3
-30.552095192308563,437.1982962118627,3
36.31962859124103,496.2024728913493,3
-17.674131517829757,514.2404188083508,3
-18.254730912867362,444.07265015055657,3
21.976742259765995,486.1278234124478,3
-57.975812647014266,464.2799700855603,3
-56.26854760154269,428.5160080710699,3
-5.356245556830229,527.2726296421724,3
-78.24004715625057,486.8495992026252,3
-58.94349693135895,455.2974146774636,3
-60.33686544883478,443.9223715512555,3
-44.249730700719326,444.8247766905347,3
-40.73138656157212,468.1375930368205,3
-59.152500564924786,442.2895574778144,3
-72.42529900693484,492.0302150777814,3
-43.23175161228083,439.874117710531,3
-58.41529060177992,491.55497791528944,3
-114.61217129084409,485.1070589520107,3
-87.54211553234182,485.69741018810174,3
-93.69308048035427,414.1865009970794,3
-122.75187141186647,469.50935297142775,3
-69.26248160761273,440.6514835484077,3
-61.02308366228629,417.6299066225813,3
-85.28797109704942,430.8199092056258,3
-105.98327567080563,468.2276153994966,3
-115.36098100595348,454.9046359580121,3
-62.477832505718965,448.7505945715444,3
-70.71141618418697,431.76260989502475,3
-83.00102000486055,508.4777714680626,3
-176.15472627994478,440.8812016372112,3
-87.80063074496238,458.2345107876672,3
-97.08285631897614,445.72461469609425,3
-108.72088897325479,458.67265504217164,3
-79.38326050657273,470.45492287353545,3
-107.38344962538201,449.92585828092865,3
-135.23106853574356,448.7458568630762,3
-111.85709302151339,448.5140909397365,3
-118.08148831853777,522.8072826810302,3
-103.72124915425279,450.1468202270882,3
-96.89488672002238,447.04819097208946,3
-197.1472910163629,428.3914724565746,3
-195.19537832904695,447.41297644813443,3
-141.58282909900407,507.55655576154703,3
-135.38689212537048,449.97623962679734,3
-123.36733107635766,389.48180718710046,3
-144.23117865444675,478.1892540616619,3
-198.70253095582268,488.6042018605234,3
-147.23047061685872,441.04210646419347,3
-141.4372971617599,520.8116051507689,3
-157.99500700843294,459.30845673401495,3
-180.25679474486998,425.5185047090992,3
-144.5854785232873,424.4643280612055,3
-170.36264411840625,434.93117110573445,3
-161.14868864174414,458.36588893802366,3
-147.3945924607805,432.13178040767906,3
-189.61388287518815,417.1267592851401,3
-197.8372949897571,456.84727293892234,3
-164.78360132829184,416.8831127698186,3
-164.38362730043497,484.2182882615206,3
-181.04096773076026,498.8354119666444,3
-219.6234482346006,404.1556268470897,3
-252.73056758977404,485.3217138217882,3
-182.69049189663681,437.6993886996234,3
-196.86810130603493,404.51027195514484,3
-134.83337996812062,441.04110668756283,3
-207.85583951412602,457.80855494606624,3
-199.63199939023758,441.60476367249964,3
-240.6938365322596,447.8666273814105,3
-163.4288128666496,472.90120480187835,3
-174.9963973395163,415.99989964212193,3
-255.37497802635866,426.34231607994576,3
-226.90219794872948,461.703058396119,3
-282.22715674827595,473.50709589427714,3
-239.0647743255442,413.53936160332887,3
-267.5509217544471,375.40728518652475,3
-215.3477466870457,425.9417512862106,3
-281.588472774768,383.56116307110125,3
-255.8015638191834,471.13762544278313,3
-256.3456238663747,374.6083371896423,3
-258.75140744202923,410.1388113001878,3
-335.0982073332632,415.2918660800976,3
-263.9232857760337,436.38945303858645,3
-204.32124746238355,447.865175293205,3
-270.6421997553741,379.41987840397746,3
-188.1511719851705,412.92216623791126,3
-267.70122307658124,408.934402481978,3
-264.9342942278221,403.82252766421345,3
-290.8349230690734,390.2254591677483,3
-277.3462688806257,388.7891342007499,3
-300.47792615006034,406.728257413002,3
-289.46091734050606,447.0814982538983,3
-364.04980212697603,433.1162190596457,3
-249.83721111582437,336.5616211245816,3
-300.18929913276526,385.9954898697738,3
-334.81266582218257,372.16274026961963,3
-328.57286751734205,446.4070813452503,3
-269.84304569507435,430.31061560083236,3
-278.9104641421408,356.6007380125677,3
-318.9327813555277,403.4452568579085,3
-342.4867695809735,408.42916971175725,3
-315.6475701888381,374.05332537141834,3
-289.7128898799606,396.86818648186204,3
-324.4634595379507,416.5461929151411,3
-348.6479626252924,398.45412287105404,3
-300.99331397208243,368.88323217917224,3
-311.56124916702447,338.81367492498794,3
-296.1718155700295,368.96143309418403,3
-342.1101006961008,404.1242196306677,3
-350.0828022450423,328.52965354453147,3
-378.1636460502295,387.07751830965464,3
-372.3780294221913,419.6390247834486,3
-398.91140906299995,415.9711972365463,3
-332.5992825290887,360.2428227121976,3
-357.74146284832466,373.16948871885626,3
-344.9747217180957,392.3302072440074,3
-342.85825149670103,361.76058294322326,3
-359.6203612407606,353.5482526762626,3
-341.89227352153046,301.94145162497614,3
-393.9735434478936,373.5191783264053,3
-350.7908995066012,343.6614575537805,3
-357.73985988451653,357.55314152890196,3
-376.84872307110686,321.7063930531603,3
-357.13057606419534,313.6193893836401,3
-353.09520559692584,289.7933782422344,3
-336.79173494074297,352.9344831514783,3
-362.2957973317933,366.10840262964547,3
-322.3093196304671,364.91541566124965,3
-429.78313113362367,293.93925609145225,3
-395.5712102372729,330.93724395027846,3
-363.5529388826627,306.1959271163115,3
-375.72198196511215,303.10635063404305,3
-401.8989246830322,281.3535576878271,3
-413.4648359879698,280.7744467309346,3
-417.2444391002356,350.69196339497154,3
-418.6364791089118,395.7981148515242,3
-377.5270280670967,320.1019879045204,3
-420.2350471161422,333.282849346614,3
-413.89680789841333,313.6369838005703,3
-321.9540225310231,304.7846070687728,3
-366.39268658079925,284.2474955145834,3
-404.0202274269999,356.12995278619115,3
-423.86454654886285,355.0293894017338,3
-385.8931323043877,281.41887459965017,3
-390.20872547269533,325.0934961392412,3
-392.5669566392081,246.42123918800843,3
-435.06061867942105,283.70076752174697,3
-417.48962426089605,307.3321578008651,3
-411.92050007136925,246.22475019525928,3
-407.8252152533328,302.16325300386495,3
-404.40169185036285,313.81731201069493,3
-398.1265514318423,292.70520892202023,3
-427.1824775316046,226.62469882100854,3
-414.1066527499401,280.195779462196,3
-420.74985465342434,233.16231356990295,3
-463.2151886476862,300.5470771287465,3
-433.8405974712606,286.8734310017084,3
-433.65894590355987,264.7853103311089,3
-408.1985680372671,245.86389798776685,3
-435.28600205036247,244.91809304998253,3
-453.01094148569564,246.94089909323617,3
-435.1022856652023,239.2720159134739,3
-405.86760337007536,224.20346985948015,3
-450.90409892274715,235.24587649586866,3
-403.6298802759737,251.71957860956223,3
-417.8086838370118,198.63036217602547,3
-442.46078317300675,267.24954993214106,3
-449.6954430727448,269.87780874145886,3
-469.3576215455528,277.53601535893443,3
-386.5302971887685,221.70215816745804,3
-470.50379149167077,273.5102056238857,3
-411.3761637249048,211.53396607615508,3
-472.97661801484765,216.06716960937032,3
-502.29522392744593,194.2520424233545,3
-493.65957358480705,196.0586257166216,3
-466.13242395636627,223.39011275024143,3
-420.1162126205378,183.67444164050244,3
-438.6236680676343,204.45717172409235,3
-471.14206638485115,228.3636865989676,3
-504.82727386434567,216.8242584681877,3
-467.622089419836,217.3490769589735,3
-465.39316508953766,273.4489345080708,3
-494.6354616217233,181.0653412197189,3
-495.6149278683748,177.52729447020852,3
-497.4421322118135,227.04961145267734,3
-437.0874983434899,171.43549451298213,3
-506.03764687722827,199.87048953207156,3
-498.98021756143896,201.87760031520156,3
-477.65452164501954,134.5705407559861,3
-438.62782930259607,231.0641206895076,3
-504.729454416283,162.69349057009504,3
-479.0446245887116,181.48692155644213,3
-469.1209846618056,228.8800814803808,3
-495.4243405077567,141.73791608244758,3
-532.7159467754933,140.86409494044068,3
-493.532412603443,213.72628366643414,3
-509.25091563841585,163.6932414180671,3
-495.3809298263083,189.71407454578141,3
-420.2275834528968,135.21162016466326,3
-511.84765450385265,179.53076566869757,3
-477.8181986853068,200.66837986771054,3
-481.84908326715816,131.54269886364676,3
-482.72073955634346,172.6300675401329,3
-476.88080251051133,151.6279931947122,3
-470.5312969022279,168.52288254084132,3
-462.08438276624634,149.93310153129391,3
-509.561614904653,131.89467042065198,3
-469.33298915232604,100.00042705785667,3
-495.4294714924223,109.7174704465662,3
-506.569927685277,156.87434666673644,3
-502.6230537388182,116.91117985882033,3
-550.0565787380856,134.89723821580466,3
-490.7823174042393,174.39319471877837,3
-520.247182841633,113.05047758858069,3
-504.38032863368227,150.77459305309185,3
-515.5496853882455,108.79139891805869,3
-495.2638485897213,102.98363653638188,3
-527.6845890008314,100.16764336937663,3
-482.8543457492598,60.504156415371895,3
-511.82677623293074,67.2458740636871,3
-480.69785662331805,39.49910619478199,3
-534.0310918114362,93.45173672662614,3
-470.9926600923435,77.09911286608153,3
-535.2900475848927,132.4382670442451,3
-562.7308691752233,6.96712568633825,3
-506.7270926905235,54.79336352662519,3
-551.1822432355884,88.02542744441074,3
-513.8296039512084,46.768298370760434,3
-560.1317344577917,86.77660166197298,3
-502.7761319258429,54.53625357425644,3
-467.42318769306905,22.314179366582245,3
-569.1087272316762,30.56134050100433,3
-525.2117507882338,55.51741599979624,3
-531.5629541046469,55.674456455807466,3
-562.3342420270387,85.31832939832387,3
-527.6952482001027,72.41402028996285,3
-515.3720551434221,49.48477612075472,3
-508.96433225027283,46.09787358267149,3
-507.15961948888054,69.42315595140771,3
-520.91002016896,47.69830516439609,3
-529.8424660271162,66.50909360111422,3
-547.7672775524281,74.20907041293196,3
-528.9857208208703,-25.869096404284264,3
-524.2236721242626,-6.505951448874846,3
-503.1136575473532,-8.783413594993,3
-541.9649531267503,-49.02281916439963,3
-542.3754427580849,-68.1863669416659,3
-576.5304489187075,24.20769944898549,3
-505.62677029496257,11.02299409456106,3
-558.3777625968851,-6.309181594374564,3
-529.6245435117794,-42.76688151684378,3
-484.5427872672801,15.16596005223741,3
-536.3822053977557,-13.488045291099958,3
-523.5906104032234,-78.68699833106004,3
-537.3264976660224,-41.03530758222995,3
-560.0091223987555,-32.14998884490245,3
-476.0595346225829,-7.633142179210363,3
-547.1353696934839,-12.822516559315183,3
-488.00946733048846,-5.402561495396377,3
-528.1716110043028,-55.69112327284351,3
-508.9644767819968,-27.619658295051615,3
-502.986298040818,-23.5098936712097,3
-498.26669872328574,-61.76243588588126,3
-490.12291435126485,-42.91710319419538,3
-467.25864116030436,-72.6596937016196,3
-477.2895642080512,-49.18483558600528,3
-548.7433151629209,-72.77584226264187,3
-538.6237834599654,-48.67028137259918,3
-513.1211885395476,-81.74101297536028,3
-529.3100878981364,-3.395292005610486,3
-476.5066689139936,-57.70559569385788,3
-526.9267002265402,-70.32465847382383,3
-509.3754431196275,-107.73793361520944,3
-535.1968046133504,-130.2383796419353,3
-515.1737015203411,-63.889698946547675,3
-541.3012491289854,-39.208589538039845,3
-563.214272174977,-133.47982645372946,3
-519.3237961004398,-61.25366770378751,3
-475.1359847910172,-109.54870743220951,3
-492.8702878453867,-100.05039942734032,3
-529.96687829955,-75.49559315152601,3
-504.7561860165544,-152.40455926990614,3
-479.547959805792,-66.81449189569182,3
-542.1098531492199,-99.4444765943195,3
-508.00139198601687,-106.5965093816497,3
-538.7913218799653,-137.66023052577958,3
-522.4892246274082,-85.42101123578779,3
-504.8356207265113,-134.80908725544555,3
-497.3942974022167,-212.2310126443325,3
-485.4645551809603,-182.0464036205466,3
-530.1636804048301,-166.52140122372492,3
-557.4745060557239,-101.1787513396717,3
-531.9894170087305,-128.6765042463498,3
-518.6710537596641,-127.82415565799695,3
-514.2445987592556,-183.68448006395244,3
-485.9278618739227,-163.06219600670178,3
-561.7607552048455,-164.14307022668117,3
-469.26878684528623,-128.83829131902272,3
-523.9603079134532,-167.8630939712441,3
-522.3398709531584,-98.11831363812318,3
-500.4037755780583,-150.54974524445566,3
-480.1053321720877,-159.3122929878672,3
-517.9181072130926,-175.38604849216398,3
-511.4089322911098,-173.62629833028336,3
-486.5271394703058,-173.959706839917,3
-485.45307005685413,-180.942288191775,3
-504.1306150491266,-241.46365535235032,3
-478.03842790650236,-174.11384291053386,3
-474.60776919935773,-274.38092117346304,3
-440.89791135395035,-194.65949374825996,3
-469.2860530877769,-224.64119264123718,3
-483.1120507945551,-228.01223915670306,3
-519.1534532979869,-141.94801950664217,3
-505.0874008498374,-195.79847539186693,3
-472.1729114534335,-190.3967034564515,3
-492.65190407399865,-197.25710928263874,3
-423.9330886719572,-212.86624726328037,3
-488.85527154267675,-182.5426444621106,3
-460.5567986785911,-181.36869370208882,3
-473.37669675635345,-254.1796951428151,3
-442.3334239660245,-257.18235792925896,3
-481.03685972576415,-248.31510891918205,3
-490.8014632397803,-218.71107300828595,3
-477.9798698469505,-218.7955952297729,3
-437.93445562999204,-220.71850832275507,3
-492.37768440121727,-208.2651754479913,3
-448.05809760281926,-276.8710986600129,3
-464.49152413751403,-221.85446351320937,3
-489.9938847849012,-204.45681844113093,3
-484.2042933941613,-244.79058972132023,3
-483.51267312113396,-250.91174409200684,3
-509.8089646824879,-297.3931345228451,3
-427.66811019743477,-282.4040903193232,3
-503.8099948904615,-324.3916337188553,3
-491.7845080969127,-302.2682328409541,3
-421.88515841338557,-235.05745340238727,3
-490.3026654506098,-200.5460276736403,3
-438.7003754121839,-280.62177855611634,3
-541.6133988511672,-204.89678568494398,3
-506.7790513376707,-325.7256331828527,3
-432.85823762195577,-205.89998047956738,3
-420.43352404110215,-264.8943272163096,3
-442.52838325201327,-258.91824111177635,3
-435.99547040322324,-278.78402417167194,3
-454.0126827310913,-291.7864651473405,3
-478.11617856334624,-301.0075672866511,3
-504.62767246840315,-298.2057809572096,3
-481.821695965535,-331.0210770059715,3
-445.0754666144801,-258.8005574731,3
-421.2145218410015,-350.3121914758298,3
-476.72806090369573,-277.5997996745686,3
-474.7725714040556,-315.1768027440047,3
-427.0387241665444,-340.0920225719744,3
-438.60503362983485,-353.6552394109244,3
-458.01708398126254,-306.62260477301936,3
-485.959437364542,-305.5721095723219,3
-436.93621618434736,-304.77054120177365,3
-427.79107316553376,-282.9684132470214,3
-428.8972077761238,-339.3105763142871,3
-427.1145673444698,-312.6535506576678,3
-427.43141765951435,-330.2470201083959,3
-448.0549499581203,-353.85217637383124,3
-467.1556643418359,-283.96622453088014,3
-460.46011313004794,-359.7169624790444,3
-442.74762325536994,-314.5461589357231,3
-428.07964113227246,-306.4134184651383,3
-437.456248826683,-337.9152560898481,3
-440.3170329856874,-284.3575210411432,3
-448.8744559755603,-341.8317052814814,3
-392.207949077761,-341.11400786117724,3
-414.73958741069214,-359.81148364244217,3
-405.8113462086786,-362.7029379253329,3
-376.13916131138245,-294.34024261408547,3
-419.695326262326,-404.10002310449823,3
-403.5193478199073,-287.9515081387304,3
-422.86679571817893,-318.49289989719017,3
-346.2966486889868,-386.5843366124494,3
-377.4148213351475,-323.42165427048826,3
-403.7003973231479,-380.66431499674513,3
-407.6049398624127,-407.2693548271885,3
-407.44656786289573,-415.8009174996041,3
-384.74533455686577,-404.4241818311839,3
-376.5398132395512,-430.23025997938265,3
-371.3985779329909,-360.76196975637487,3
-438.89477877388003,-376.7465444154884,3
-339.9965831322037,-426.44374300468957,3
-324.37973258854316,-379.755994812542,3
-393.4239086370966,-396.15738604043696,3
-353.22688198555784,-394.34751136890776,3
-351.5037242871211,-426.376766471468,3
-360.2619635472775,-443.2823212765191,3
-366.34271555758687,-430.0878019560347,3
-382.72183093951895,-367.9727395589166,3
-325.55357425865014,-388.85154674083657,3
-388.6862455906165,-418.6732111352051,3
-317.1350497853466,-406.9697480965268,3
-281.5464403888415,-401.4469682228436,3
-342.9505213796438,-424.5301153139697,3
-342.27885381309386,-421.82562519078317,3
-322.6024203446924,-390.53008127967433,3
-364.9735740592948,-461.1323938950274,3
-394.0159677382659,-407.9044762609333,3
-369.55452501170447,-489.6642239764197,3
-322.30779071137357,-352.2052138009341,3
-331.64689819070907,-403.7424965357363,3
-326.49761077233256,-433.75018203117247,3
-298.8561155908964,-441.3621791812206,3
-315.87085672407954,-424.85756300159323,3
-341.38795344357936,-406.58581173045144,3
-324.0351444119961,-460.8419801433773,3
-300.12076749018314,-466.93009411645744,3
-312.78903984230436,-442.0398687135398,3
-278.4648219511181,-429.29934015088224,3
-309.1886170064482,-420.7649606218977,3
-264.1167088436958,-430.30490761602965,3
-302.886594771833,-488.11910699157573,3
-332.5140359556991,-459.6290322797246,3
-316.19876355427664,-457.77310184057103,3
-293.55609440645384,-437.9481854118397,3
-294.7022783224204,-440.90219158255996,3
-287.9744388660511,-516.4027128402637,3
-315.399828705316,-463.0859547684745,3
-320.81155016041873,-442.3731516020858,3
-235.8890758475696,-425.39885304549813,3
-285.4958387976515,-418.8135664767466,3
-271.90364705808247,-475.204456468304,3
-292.0271427688942,-475.70531799960406,3
-282.5221416070945,-463.0408533506672,3
-263.3018824024734,-469.5667744906758,3
-252.24382099027574,-435.4262249738864,3
-234.0889149754896,-517.1625947197247,3
-336.40756435780247,-446.0386270695941,3
-298.0016108222361,-482.2462241509644,3
-289.29499882679676,-530.9801252030326,3
-235.13523367330717,-455.54586358353856,3
-265.85319534726784,-557.4338945475329,3
-262.115356288054,-469.312859522025,3
-287.25699284576035,-476.912728639635,3
-240.50215968109293,-466.36346728252585,3
-233.6003794442176,-514.2450535689444,3
-198.42739231823967,-491.1016808925606,3
-232.27235404212936,-515.6186250826546,3
-241.87241285313547,-515.4213942627977,3
-230.8752152163039,-438.7646692786649,3
-263.9490304266387,-539.7432118713598,3
-175.75443793609227,-498.818313731785,3
-237.05178502869788,-462.5254360454483,3
-232.2307425344448,-440.10795153771767,3
-190.79990721209484,-510.6728984734765,3
-143.48669295866011,-515.3359189184063,3
-183.00429893535036,-489.2961659619014,3
-163.26922290529438,-452.52159292513153,3
-198.4088356506727,-523.0429205874982,3
-182.6106079733196,-521.8267290389955,3
-133.04239740167247,-498.43547765742034,3
-201.43145144296815,-498.00874332142484,3
-227.9070485135432,-533.6964936504669,3
-148.496079949141,-525.2350865167186,3
-212.92496429684502,-490.39008818279086,3
-142.94966614862756,-485.8636730533695,3
-145.63665283996124,-531.0598784364992,3
-215.1639512372434,-464.22088495002333,3
-179.17594818487845,-517.671833332123,3
-126.63014350319082,-494.3269355110232,3
-149.77436149773965,-446.9117687979723,3
-179.7263000563526,-484.8556155741999,3
-155.67496909477862,-505.44297551531974,3
-108.49089079005127,-499.0565078756269,3
-135.15073302621474,-482.88807812575885,3
-159.19808039814868,-540.9921564775073,3
-176.53898915892626,-575.5399531723434,3
-80.44916657648108,-550.3596873649391,3
-145.70922940584435,-526.2627799660413,3
-126.7813540267544,-494.16194540791776,3
-107.11709973414817,-536.7827753198043,3
-134.8686416707959,-511.4501276774744,3
-134.23546781093634,-472.32489144106734,3
-108.96140874371477,-499.0972917828498,3
-100.71644375354605,-486.51838677310514,3
-112.08088272652677,-561.1871257032781,3
-102.42608380378783,-542.3630043882539,3
-127.1770830499344,-505.7520515412813,3
-71.06874037710645,-523.2060229954869,3
-95.84780418240945,-473.2594240298999,3
-94.78279589146908,-446.7375658759136,3
-81.92985597337248,-578.0535956230002,3
-73.18193091300526,-514.2190639882699,3
-53.974034159669486,-505.8619101191402,3
-93.70225956694802,-563.1702493735878,3
-92.69889015532172,-552.3212688862832,3
-100.72128063177152,-509.4930430658811,3
-30.083722295065325,-515.6353625959607,3
-112.9306485203125,-514.4429022549358,3
-38.02665367600207,-546.3602917011677,3
-74.81582078426608,-527.892318175139,3
-91.21035215643352,-509.13103711499116,3
-68.15845731543651,-516.2202798634017,3
-88.0200250987196,-542.1371132238381,3
-36.587826506179226,-540.3857696172405,3
-3.3132435528824864,-541.3575638714468,3
-45.24351738637593,-501.53874238286966,3
-91.39606332295803,-582.469000679718,3
-91.475068976167,-491.87575708005033,3
-59.120792098441896,-453.09611607160247,3
-56.35164781742569,-524.3746370944934,3
9.980278635359822,-469.7777354571344,3
28.703535316312564,-493.7391435102743,3
0.7218757743437801,-512.2241915239645,3
-3.507595732221235,-546.5257019179245,3
-48.26294656099295,-530.0617558242366,3
-25.681318818043554,-543.5080176702228,3
3.4566711453702155,-501.1829383845346,3
-11.642413872180171,-485.4273777512079,3
-45.40558208903782,-535.4545200986862,3
-29.52061045915183,-585.5125658512541,3
-7.358261485396081,-533.0209035545072,3
43.66275953827612,-510.2764245178442,3
-29.330344965219286,-473.3905872241101,3
41.16102372296346,-511.3433220765541,3
0.8688797984716317,-557.3626272320114,3
-0.37089749805278416,-495.67050542588936,3
70.46318745340969,-481.7694987234206,3
2.3886740056690243,-561.3695053002103,3
24.407444832943455,-580.5286894575356,3
33.00060856317354,-531.5784727874594,3
12.44709738069352,-574.6467472780081,3
44.956583244526556,-542.4223274747641,3
-2.4308882891565275,-612.2252170556884,3
34.956732394622406,-472.4862676346609,3
88.73292177875518,-538.9436005459138,3
23.93902946527252,-510.7248316190748,3
15.161231384729888,-515.272115374373,3
71.19964087165604,-487.0361735810397,3
48.31396030304337,-529.453184609243,3
28.07724475367006,-547.6287081956948,3
50.71716273059243,-511.26120206011734,3
88.01042060056618,-545.8179710180752,3
108.47131436164823,-529.2773333956213,3
66.13371519497713,-542.9616090961017,3
-2.8722175509848853,-493.406164301292,3
95.03662129771378,-527.7302788762825,3
78.0132764777734,-503.15588525297375,3
32.19524499167517,-533.8299612897625,3
105.96332086334539,-554.892119088366,3
94.00145130329437,-557.2467096297654,3
102.24239798486816,-516.8851109262615,3
42.845660920538265,-480.1211176113378,3
72.30719627848599,-538.599153674747,3
103.40243875861924,-479.0416233983561,3
69.94609857559666,-510.8404239211977,3
116.31548967010491,-491.06867092711053,3
111.76921441697954,-522.0246709655426,3
84.66784640015302,-507.5625263470803,3
80.34546087542009,-596.9014090135261,3
128.61487753886598,-481.23798054682936,3
47.632817722262175,-537.7241935146196,3
140.09226264654302,-444.76480666725837,3
125.13230841773584,-527.3683463844509,3
122.00636659450737,-463.30177992070173,3
111.09287952986867,-527.5249126968798,3
118.96170916201045,-531.1313958376637,3
140.0898817413372,-452.7549141923454,3
149.0613383161268,-508.0109895409013,3
133.5671235197923,-546.2626530878367,3
171.76045341004414,-500.61005928448026,3
142.79154194890668,-401.3712441929602,3
160.10027060324336,-518.589287731961,3
141.2715484561728,-460.43487166822297,3
160.37771518503314,-536.8709160168517,3
187.46641579815685,-512.5829259833987,3
218.99092942522466,-458.93492796361795,3
152.2671765488389,-451.6854328308817,3
170.60961063321247,-463.29410258832394,3
185.99520237566549,-513.011285960185,3
155.01804239865078,-455.4469691743165,3
167.1445305334458,-497.1624392397578,3
151.3891868254227,-471.0342403027546,3
244.76539335983063,-514.439513660638,3
186.45460654066244,-438.7003630216384,3
186.16864158809503,-466.1314718956935,3
159.50730967504424,-465.4713054763885,3
188.57728009487974,-447.34881220523596,3
232.61683141671585,-397.8163528336255,3
217.17892550715135,-464.29433490930717,3
208.4070680860492,-483.2106444505483,3
215.50648138651718,-480.0076555216474,3
213.17293112205797,-430.1302290270393,3
180.68056009246862,-433.95698318806035,3
253.13851488286218,-470.17328321469245,3
152.70802380388784,-483.32653694759586,3
258.0023890665788,-464.22139245121144,3
191.832533849033,-477.1049562332642,3
249.73930867032234,-443.96900645593036,3
220.05180391566236,-469.7680604512668,3
218.15592683904026,-484.8110213846025,3
281.04858566473115,-465.1668549736861,3
271.7703477781322,-408.1994864848679,3
267.8627244339372,-465.11257213254896,3
252.67252877353613,-451.19815934081214,3
216.08611754523082,-439.0332415694227,3
210.45174157942103,-411.4088351527387,3
234.49928932514234,-439.263159921721,3
259.5403250724496,-451.30743634840326,3
271.2352886076367,-456.01340851288927,3
282.3549817210128,-480.3554450701286,3
262.577739097526,-380.00175538684357,3
231.33530009612087,-456.6794313322925,3
279.3098616360039,-429.1210437292858,3
276.9473130587365,-417.978328951131,3
287.9941355856125,-397.4924971767516,3
283.7593305523679,-436.13494940784165,3
294.14235988338464,-369.99874127706124,3
272.47451443501126,-454.3133853279643,3
312.14222662377637,-426.7556509869173,3
216.21380386363512,-395.77275497378156,3
267.78583506673266,-421.94714925263645,3
296.2444908736326,-411.536539705995,3
309.99554938851617,-428.32121250498983,3
306.5195005335746,-421.03290373219244,3
315.6922952113474,-392.76023098533216,3
267.85370158910155,-376.60149415910996,3
282.213974523057,-382.8839564196174,3
311.6745520638662,-349.9100245113761,3
296.3019542459702,-413.4500765956371,3
304.7602000917281,-409.9662798543978,3
331.6646611187737,-447.2458769321846,3
278.3662167868191,-428.66176075865565,3
340.7827807235516,-343.165912533248,3
311.4234276375503,-397.3912167892235,3
318.92821779979795,-355.2981633657077,3
291.262115471019,-380.81717202887216,3
350.58091379289755,-370.7350135064473,3
329.24083909123596,-353.5220078162596,3
244.6708698146657,-360.98872531349724,3
308.34597101709284,-434.00169640243007,3
345.490590429703,-335.6168965515136,3
328.2031096546926,-345.97066777758613,3
382.8526614503653,-332.82611935682274,3
385.8266089924218,-347.7128646290528,3
341.0195678461347,-415.72537841742735,3
333.4890117254712,-390.64018612784565,3
408.0988542370254,-368.28250809009603,3
348.75167901876443,-344.1113713806118,3
348.4337637592255,-307.4413466635557,3
330.5014767923275,-350.07863899332193,3
328.9471379347825,-393.12865612134334,3
334.8934306775165,-352.23743049974433,3
342.37755465237683,-369.4846242705605,3
315.06200618921184,-348.7782481354232,3
314.0895395625817,-321.0440017346621,3
363.6685978763291,-385.1204352280043,3
353.86794375681364,-361.49449871288454,3
374.6527415004205,-296.2400134457939,3
310.74002523454544,-330.51436647288006,3
364.0932359022863,-311.3245685509984,3
377.1793912825691,-351.5115714809238,3
363.08232478556255,-350.3091857846342,3
406.78871134543164,-323.25327668607844,3
433.38280278913726,-323.16506424872654,3
356.9174223512781,-364.19778348951866,3
325.88186437504794,-363.74014108745996,3
389.7800983445582,-298.37272386648027,3
336.10456607631704,-284.1905395037817,3
370.8061180474031,-304.0340178845275,3
435.4058356542482,-278.9177558382493,3
380.708100583896,-329.9329401295931,3
325.9178291092053,-322.1352256407106,3
385.83005558617685,-327.52878330403365,3
389.90125902977246,-292.95003566460406,3
388.7515614431037,-312.08739240535147,3
402.1983560086494,-276.6504518232725,3
366.0513557735409,-244.89179549836487,3
397.413369533444,-283.95521918684017,3
423.2081412941143,-274.81511687997545,3
432.12944959964244,-270.4788277136906,3
386.7187560955497,-265.5185650179628,3
372.31944118534034,-270.3682716893703,3
407.15644030259796,-277.12034276903387,3
405.8020297521103,-324.5745731988985,3
394.6838659852478,-262.5666190484328,3
417.41134742614975,-293.4057932665077,3
452.0394596327133,-285.7751757571789,3
444.586978109986,-244.17941901362295,3
397.5338927803179,-200.93228126673066,3
382.5114134399235,-223.8044903111508,3
449.7200953244749,-268.6764895977656,3
462.8409386860313,-253.22941827844807,3
431.07433511140556,-235.0799906193995,3
419.7129500264421,-215.71861601110965,3
448.85764695906414,-289.64374969378764,3
465.476000988096,-284.1992970092447,3
458.59697244070844,-197.65206375200393,3
396.14831993553463,-240.89837395602774,3
396.9447836283571,-232.13446432726332,3
422.0953414094853,-199.40218017061787,3
471.84786580081726,-178.01903343720187,3
416.8575358699817,-223.2562590812358,3
384.38509717749724,-238.23837833722456,3
464.9811052220291,-162.67019864582602,3
400.1340050719084,-225.97986713121207,3
437.48277066532836,-196.8623253310414,3
415.0788232292877,-189.59963025333568,3
426.22520406498523,-199.8025282489941,3
457.8837953865433,-196.217104167165,3
429.4399608741054,-196.73230894524613,3
440.8982637212122,-201.57213580006834,3
436.78419061513426,-139.53384471251084,3
462.35584158581395,-193.37290672834865,3
467.3983028939315,-191.53221950906715,3
482.62601150092075,-167.43152502257468,3
445.13696145928844,-162.08657563982743,3
402.1346099466329,-206.31265530228225,3
414.32909264649993,-165.2072601767032,3
502.98928577759574,-99.53696337288362,3
471.0033721882275,-148.4256604118542,3
398.65908739205474,-176.70096713696904,3
429.8672313239703,-176.01079078922467,3
449.24726600677195,-168.50766091334106,3
395.6843039337793,-128.86230771417775,3
423.6335756851429,-141.07209258852765,3
518.7717355835624,-172.776251085888,3
381.35481071089873,-150.71550713109366,3
490.98717001933085,-80.3211970716534,3
421.74757395052416,-121.1025782639318,3
445.33113845933445,-136.1097550140646,3
539.2578266026345,-174.94410010905818,3
468.1574485665043,-112.74393887246697,3
493.7172151125248,-120.75116268873548,3
470.96411868278796,-132.35233883622217,3
470.3559755019559,-127.80729775256032,3
481.4694542701806,-125.5050324376757,3
474.6559839209997,-112.19646700799106,3
497.62567782073387,-109.75904422777015,3
411.1348983227506,-67.25514953895865,3
437.6160902754469,-121.61838143559075,3
447.3608740270209,-57.662002547194334,3
401.5835891153924,-1.6497235363414262,3
497.7390549292205,-85.9694493582771,3
464.79448226641824,-80.98195780170512,3
482.4393281113844,-67.07172485823884,3
483.8185291786029,-80.6181566999724,3
461.55535588143033,-84.7190559352129,3
461.93373389095956,-43.04105375324508,3
485.8735062400121,-162.13725731530005,3
488.00998731290775,-64.95321994251533,3
468.01818743693,-79.31895635663294,3
502.529634780193,-36.104218993516916,3
445.8270341794275,-49.18369115092058,3
440.0510730182489,-99.6478121846803,3
450.5669615653098,-29.25035491840191,3
498.11021870034494,-36.59149655601375,3
491.3976099257345,-33.35974272151836,3
450.50883232617724,-32.74770319884596,3
493.85438039848043,-19.936307827261288,3
505.5785773346438,-18.175104441672154,3
480.50396832815557,-4.178512792183213,3
469.1944926505967,-59.59781151961095,3
465.1079910816871,-52.347079344193595,3
-187.0,498.0,4
309.0,-413.0,4
-556.0,-518.0,4
546.0,-243.0,4
489.0,335.0,4
-226.0,-439.0,4
-279.0,-151.0,4
436.0,-417.0,4
-490.0,-93.0,4
-306.0,303.0,4
373.0,31.0,4
450.0,132.0,4
-280.0,312.0,4
-164.0,180.0,4
476.0,125.0,4
-570.0,-264.0,4
-418.0,446.0,4
-57.0,497.0,4
433.0,59.0,4
-441.0,437.0,4
-189.0,411.0,4
-548.0,-193.0,4
246.0,445.0,4
453.0,102.0,4
-341.0,482.0,4
175.0,435.0,4
249.0,-247.0,4
498.0,272.0,4
390.0,417.0,4
577.0,519.0,4
-307.0,-392.0,4
511.0,217.0,4
-211.0,-276.0,4
339.0,288.0,4
580.0,67.0,4
32.0,-24.0,4
-464.0,-173.0,4
11.0,310.0,4
218.0,-460.0,4
506.0,-424.0,4
-403.0,23.0,4
90.0,-200.0,4
-130.0,-383.0,4
328.0,31.0,4
350.0,305.0,4
-426.0,-578.0,4
-366.0,436.0,4
524.0,328.0,4
-78.0,-170.0,4
192.0,-68.0,4
378.0,209.0,4
312.0,524.0,4
270.0,-61.0,4
423.0,-374.0,4
272.0,291.0,4
436.0,-391.0,4
140.0,-204.0,4
523.0,-570.0,4
297.0,48.0,4
-272.0,589.0,4
351.0,523.0,4
20.0,596.0,4
-439.0,175.0,4
-327.0,426.0,4
451.0,-275.0,4
339.0,572.0,4
-61.0,-113.0,4
221.0,488.0,4
-245.0,-366.0,4
-374.0,-552.0,4
-483.0,-547.0,4
-36.0,467.0,4
-548.0,-43.0,4
525.0,267.0,4
-203.0,561.0,4
74.0,-214.0,4
-490.0,13.0,4
-584.0,283.0,4
-60.0,-430.0,4
-192.0,139.0,4
257.0,-371.0,4
-482.0,579.0,4
183.0,-136.0,4
-497.0,97.0,4
-426.0,144.0,4
557.0,64.0,4
-568.0,-546.0,4
-82.0,155.0,4
-589.0,119.0,4
-46.0,-228.0,4
-117.0,372.0,4
22.0,-294.0,4
-144.0,-441.0,4
-270.0,175.0,4
-376.0,382.0,4
128.0,468.0,4
482.0,43.0,4
15.0,-406.0,4
-112.0,-444.0,4
9.0,-189.0,4
502.0,547.0,4
-130.0,-85.0,4
527.0,-208.0,4
30.0,7.0,4
379.0,-167.0,4
566.0,-61.0,4
-323.0,-368.0,4
513.0,-239.0,4
-575.0,448.0,4
-94.0,-334.0,4
-140.0,-145.0,4
491.0,406.0,4
262.0,-110.0,4
472.0,-37.0,4
525.0,-385.0,4
-42.0,-442.0,4
-112.0,85.0,4
193.0,-596.0,4
-240.0,-142.0,4
-353.0,345.0,4
-179.0,-586.0,4
135.0,545.0,4
-324.0,-148.0,4
-3.0,-155.0,4
-391.0,113.0,4
-299.0,-598.0,4
389.0,516.0,4
-81.0,-108.0,4
19.0,584.0,4
-270.0,-268.0,4
-551.0,262.0,4
-329.0,-21.0,4
-41.0,95.0,4
513.0,-155.0,4
416.0,562.0,4
-244.0,-327.0,4
442.0,-290.0,4
269.0,285.0,4
-447.0,19.0,4
282.0,196.0,4
-476.0,18.0,4
-356.0,247.0,4
-151.0,329.0,4
-81.0,564.0,4
-239.0,-593.0,4
-123.0,-106.0,4
232.0,462.0,4
-8.0,-414.0,4
153.0,-508.0,4
-515.0,467.0,4
-464.0,-180.0,4
-527.0,579.0,4
-430.0,-431.0,4
271.0,-279.0,4
-145.0,343.0,4
189.0,12.0,4
578.0,288.0,4
-252.0,596.0,4
-591.0,139.0,4
66.0,-55.0,4
-472.0,0.0,4
4.0,-274.0,4
379.0,-197.0,4
28.0,117.0,4
440.0,-327.0,4
84.0,-485.0,4
260.0,92.0,4
514.0,505.0,4
-277.0,360.0,4
-487.0,481.0,4
-447.0,-286.0,4
464.0,-496.0,4
-247.0,415.0,4
132.0,108.0,4
50.0,223.0,4
346.0,60.0,4
-502.0,-13.0,4
-319.0,-198.0,4
532.0,99.0,4
-402.0,-274.0,4
-447.0,-49.0,4
-196.0,-139.0,4
-469.0,190.0,4
273.0,-517.0,4
153.0,27.0,4
532.0,-380.0,4
-48.0,570.0,4
-489.0,14.0,4
323.0,-126.0,4
235.0,-330.0,4
-180.0,106.0,4
-561.0,-412.0,4
587.0,393.0,4
-65.0,427.0,4
-311.0,-168.0,4
-130.0,27.0,4
-322.0,276.0,4
-20.0,262.0,4
-347.0,-420.0,4
80.0,224.0,4
99.0,-35.0,4
79.0,-210.0,4
508.0,-389.0,4
-217.0,-259.0,4
243.0,461.0,4
-181.0,150.0,4
592.0,-295.0,4
101.0,268.0,4
-64.0,535.0,4
-395.0,-105.0,4
470.0,-97.0,4
445.0,-388.0,4
-291.0,60.0,4
152.0,-329.0,4
337.0,-569.0,4
-158.0,-439.0,4
166.0,-347.0,4
-80.0,376.0,4
-591.0,125.0,4
-96.0,184.0,4
-165.0,534.0,4
-448.0,316.0,4
268.0,525.0,4
152.0,-38.0,4
504.0,-112.0,4
294.0,511.0,4
-497.0,519.0,4
424.0,406.0,4
-194.0,-434.0,4
-92.0,-288.0,4
162.0,80.0,4
-124.0,-528.0,4
564.0,-19.0,4
-339.0,-356.0,4
-40.0,499.0,4
-426.0,-492.0,4
-418.0,-409.0,4
-536.0,362.0,4
523.0,263.0,4
551.0,-232.0,4
250.0,-558.0,4
-113.0,-523.0,4
225.0,73.0,4
100.0,158.0,4
127.0,324.0,4
301.0,288.0,4
392.0,591.0,4
-262.0,-408.0,4
-318.0,-211.0,4
399.0,-76.0,4
58.0,115.0,4
290.0,512.0,4
518.0,-149.0,4
-173.0,574.0,4
445.0,282.0,4
-288.0,239.0,4
-82.0,-226.0,4
-150.0,414.0,4
-6.0,-101.0,4
-137.0,547.0,4
-488.0,435.0,4
549.0,-270.0,4
-461.0,301.0,4
520.0,-84.0,4
-32.0,245.0,4
492.0,-483.0,4
287.0,482.0,4
456.0,-551.0,4
-582.0,125.0,4
-404.0,-42.0,4
-149.0,-312.0,4
564.0,507.0,4
-210.0,-386.0,4
-386.0,-473.0,4
159.0,-197.0,4
452.0,-263.0,4
230.0,113.0,4
-240.0,-32.0,4
-383.0,-399.0,4
-584.0,-279.0,4
-83.0,80.0,4
505.0,-176.0,4
418.0,-214.0,4
177.0,-503.0,4
-393.0,-15.0,4
-435.0,-579.0,4
-447.0,-382.0,4
68.0,-371.0,4
-581.0,-48.0,4
349.0,-453.0,4
531.0,-198.0,4
-5.0,-234.0,4
201.0,317.0,4
557.0,-528.0,4
-120.0,-41.0,4
144.0,-501.0,4
482.0,-93.0,4
-343.0,-188.0,4
488.0,-6.0,4
577.0,-335.0,4
